"# Figure 2a zonal-mean strip: full catalogue, 6-deg bins"
lat_center,mean_poleward,ci_low,ci_high
-87.0,,,
-81.0,-0.4934,-0.5323,-0.4546
-75.0,-0.3065,-0.3219,-0.2911
-69.0,-0.1071,-0.116,-0.0982
-63.0,0.1216,0.1145,0.1287
-57.0,0.091,0.0843,0.0976
-51.0,0.1168,0.1104,0.1231
-45.0,0.1163,0.1101,0.1225
-39.0,0.0867,0.0802,0.0932
-33.0,0.0301,0.0242,0.0361
-27.0,0.0676,0.0616,0.0737
-21.0,0.0689,0.0628,0.0751
-15.0,0.0867,0.08,0.0935
-9.0,0.0273,0.0207,0.0338
-3.0,0.0363,0.0293,0.0433
3.0,-0.0195,-0.0266,-0.0124
9.0,0.0305,0.0231,0.0378
15.0,0.0298,0.0221,0.0376
21.0,0.0402,0.032,0.0485
27.0,0.0576,0.0493,0.0658
33.0,0.0357,0.0288,0.0426
39.0,0.0459,0.0395,0.0523
45.0,0.077,0.0726,0.0815
51.0,0.0537,0.0493,0.0581
57.0,0.099,0.0928,0.1051
63.0,-0.0013,-0.0093,0.0066
69.0,-0.0555,-0.0687,-0.0422
75.0,-0.1623,-0.1846,-0.1399
81.0,-0.3404,-0.3663,-0.3144
87.0,,,
