# Figure 3 source data. Panel a: 10-deg azimuth histogram; panel b: 2-deg latitude profiles; panel c: conditional density grid available on request (72x90).
# Panel a
azimuth_bin_start_deg,azimuth_bin_end_deg,percent
0,10,2.887
10,20,2.835
20,30,2.5661
30,40,2.3734
40,50,2.4266
50,60,2.8252
60,70,2.9419
70,80,2.8888
80,90,2.8576
90,100,2.8213
100,110,2.9216
110,120,2.9318
120,130,2.8456
130,140,2.5152
140,150,2.5055
150,160,2.6923
160,170,2.9368
170,180,2.8895
180,190,2.9081
190,200,2.9698
200,210,2.769
210,220,2.595
220,230,2.6192
230,240,2.9089
240,250,3.04
250,260,2.9678
260,270,2.8518
270,280,2.7754
280,290,2.9131
290,300,2.9357
300,310,2.793
310,320,2.4898
320,330,2.4866
330,340,2.6103
340,350,2.8417
350,360,2.8638

# Panel b
abs_lat_center,north_P,north_lo,north_hi,north_events,north_images,south_P,south_lo,south_hi,south_events,south_images
1.0,-0.0923,-0.12414,-0.06002,13833,3100,-0.04005,-0.06296,-0.01656,15346,3322
3.0,-0.01237,-0.03488,0.01002,14416,3180,0.02423,-0.00058,0.0485,12493,3292
5.0,0.02781,0.00738,0.05061,17244,3316,0.08514,0.05719,0.11238,19370,3483
7.0,0.03269,0.01464,0.04924,12694,3231,0.08125,0.05956,0.10361,13121,3252
9.0,0.02498,0.00829,0.04248,16248,3299,0.04104,0.02272,0.05962,18820,3511
11.0,0.00928,-0.0079,0.02636,12505,3115,0.01536,-0.00463,0.03406,21316,3667
13.0,0.00617,-0.01603,0.03035,11813,3091,0.0324,0.01296,0.05118,14502,3538
15.0,0.03881,0.01214,0.0687,13252,3157,0.07845,0.05568,0.10082,13989,3487
17.0,0.06644,0.0421,0.095,13289,3092,0.10168,0.07446,0.12836,19314,3743
19.0,0.06526,0.04348,0.08936,11733,2876,0.08548,0.06423,0.10654,17553,3575
21.0,0.043,0.02465,0.06135,11253,2929,0.06289,0.03678,0.09249,18368,3518
23.0,0.03282,0.01791,0.04727,8169,2864,0.06706,0.03256,0.10703,21951,3554
25.0,0.04806,0.03203,0.064,11208,2825,0.07581,0.05131,0.10306,16248,3881
27.0,0.05703,0.04048,0.07315,10572,2882,0.06994,0.05125,0.08819,21641,3889
29.0,0.0609,0.04382,0.07994,9302,2740,0.04514,0.02771,0.06117,19188,3883
31.0,0.05316,0.03291,0.07334,11002,2778,0.02749,0.01151,0.04194,18398,3809
33.0,0.02588,0.00726,0.04446,11345,2766,0.03642,0.02016,0.05323,18409,3678
35.0,0.01535,-0.0059,0.03484,16753,2987,0.05198,0.03345,0.07196,17030,3386
37.0,0.03025,0.00831,0.0519,12630,2987,0.07287,0.05214,0.09278,13015,3253
39.0,0.05939,0.04,0.07826,11796,2822,0.09145,0.07331,0.10868,13677,2945
41.0,0.07815,0.05918,0.0957,19328,2907,0.09136,0.07288,0.10933,14811,2967
43.0,0.09191,0.07221,0.11059,20717,3126,0.09692,0.0793,0.11463,15373,2779
45.0,0.0816,0.05818,0.10542,28966,3108,0.11309,0.09378,0.13269,13952,2716
47.0,0.06007,0.03772,0.08307,33987,3095,0.12273,0.1041,0.14083,11600,2576
49.0,0.04975,0.02916,0.06808,29180,3015,0.11806,0.10107,0.13492,13381,2578
51.0,0.04526,0.02171,0.06491,30530,2892,0.11228,0.09598,0.12798,10882,2487
53.0,0.06002,0.03922,0.07852,22900,2804,0.10108,0.08132,0.11859,12807,2296
55.0,0.08549,0.06837,0.10358,13808,2369,0.08429,0.05946,0.10742,13496,2199
57.0,0.09198,0.07386,0.11297,13064,2093,0.09568,0.07212,0.11842,10036,1972
59.0,0.08052,0.05804,0.10451,13567,1691,0.13143,0.10782,0.1547,9806,1699
61.0,0.05686,0.0288,0.08419,9736,1389,0.14401,0.11762,0.17032,9719,1424
63.0,0.01507,-0.01583,0.04155,7988,1296,0.11724,0.08569,0.14488,8307,1291
65.0,-0.04649,-0.07793,-0.01972,4529,802,0.05752,0.03003,0.08327,8408,1115
67.0,-0.07657,-0.10827,-0.0457,2962,601,-0.01138,-0.03853,0.01669,6582,917
69.0,-0.06683,-0.09834,-0.03683,1639,406,-0.07792,-0.11016,-0.04395,5325,645
71.0,-0.08701,-0.12574,-0.05426,1822,355,-0.17303,-0.212,-0.13266,3601,523
73.0,-0.12528,-0.16399,-0.09246,1168,351,-0.26215,-0.30167,-0.21948,1484,291
75.0,-0.15002,-0.18513,-0.11461,719,198,-0.29647,-0.33896,-0.25603,1657,297
77.0,-0.18998,-0.22782,-0.14548,358,90,-0.33043,-0.37608,-0.28748,1813,240
79.0,-0.26314,-0.31916,-0.20919,532,119,-0.38196,-0.43206,-0.33346,436,138
81.0,-0.33409,-0.40535,-0.26438,448,102,-0.42057,-0.46971,-0.37159,178,44
83.0,-0.39519,-0.46222,-0.32927,300,81,-0.37808,-0.43586,-0.31128,16,15
85.0,-0.43584,-0.49967,-0.37096,7,7,-0.24201,-0.36491,-0.12634,48,25
87.0,-0.4455,-0.5207,-0.37433,0,0,-0.16922,-0.35495,0.00982,4,3
89.0,-0.21641,-0.53927,0.05253,1,1,0.03781,-0.43196,0.41509,2,2
