abs_latitude_deg,all_mean_P,all_ci_low,all_ci_high,all_events,all_images,core_mean_P,core_ci_low,core_ci_high,core_events,core_images
1.0,-0.06553567493801322,-0.08623603917658329,-0.04390553049743177,29179,5957,-0.07621243729264787,-0.11468308307230472,-0.042945910710841424,10053,2043
3.0,0.006076721534101792,-0.011061036610044539,0.023972464632242917,26909,6472,0.0231335492323158,-0.007149986596778035,0.05328401504084468,9517,2236
5.0,0.057166133447093405,0.039867859613150355,0.0780909925699234,36614,6799,0.0906004017568546,0.0611835204064846,0.12181035559624434,14361,2453
7.0,0.05828888850190576,0.044218963384628295,0.07516631595790385,25815,6483,0.0847298152881497,0.06031420435756445,0.1116506565362215,9224,2229
9.0,0.03388890739295881,0.02136900248005986,0.048223146609961985,35068,6810,0.048935530070457756,0.026425076369196176,0.0705833027139306,12857,2467
11.0,0.012791062250200885,-0.0004719670308986678,0.027236700057983395,33821,6782,0.02711953292297638,0.00276478897430934,0.04907771293073892,12929,2568
13.0,0.021029359274519877,0.00695910929935053,0.034943260811269285,26315,6629,0.0468302955027512,0.021001371182501317,0.07056826259940863,9287,2402
15.0,0.06085720248543289,0.04520905204117298,0.07894494459033011,27241,6644,0.10443299487409269,0.07597909048199654,0.1332668114453554,10708,2464
17.0,0.08676946039194547,0.06828487012535334,0.10656853914260864,32603,6835,0.13588166592005343,0.10663697682321072,0.167435859516263,13582,2552
19.0,0.07749475068565745,0.06377677991986275,0.09264440014958382,29286,6451,0.11703693965388347,0.09207227546721697,0.14396322071552276,11810,2372
21.0,0.05569736876953602,0.037899543344974515,0.07513203024864197,29621,6447,0.09049871488874967,0.055342978425323965,0.1249216118827462,11650,2413
23.0,0.05542292994949685,0.031343138543888927,0.083993324637413,30120,6418,0.09927745808525745,0.05587985487654805,0.144483782351017,12776,2265
25.0,0.0661809165770354,0.048940410185605285,0.08597854841500521,27456,6706,0.10822443642738845,0.07894391603767872,0.1374969206750393,10559,2579
27.0,0.06547898544549008,0.053261167369782925,0.07934949174523354,32213,6771,0.09375383572937242,0.0729626152664423,0.11442777123302221,13714,2819
29.0,0.05059259055291272,0.037506652623414995,0.06394439619034528,28490,6623,0.06602258631756139,0.045630171336233614,0.08670305646955967,11975,2785
31.0,0.03699539184175708,0.024744087317958473,0.04961364464834332,29400,6587,0.04605643372363372,0.02694509937427938,0.06614450197666884,12294,2714
33.0,0.03206810130421786,0.019687714194878934,0.043978951591998335,29754,6444,0.039159157604475595,0.020930200582370162,0.05745166372507811,13110,2733
35.0,0.03514799241893463,0.020676390407606958,0.04882074119523167,33783,6373,0.03984172488429509,0.02034152401611209,0.06104389317333698,15742,2831
37.0,0.052178509307374256,0.03776747202500701,0.06706006042659282,25645,6240,0.0576241676651593,0.036075680330395696,0.07961483187973499,11255,2703
39.0,0.07510926701503219,0.061703783459961414,0.08854618947952986,25473,5767,0.08159019368100598,0.0634331801906228,0.10100989639759063,11763,2553
41.0,0.08403848706488165,0.07067308444529771,0.09671355541795491,34139,5874,0.0879215817066347,0.06985226199030876,0.10578493028879166,17054,2895
43.0,0.09387335315197486,0.0794754171743989,0.10790271386504173,36090,5905,0.1009194454795737,0.08203458040952682,0.1205552814528346,18066,2860
45.0,0.09205941493155101,0.07367625758051873,0.1087464140728116,42918,5824,0.09986508798849059,0.07603620551526546,0.12322408761829137,21857,2829
47.0,0.07853789453999688,0.060724545549601314,0.09497749898582697,45587,5671,0.07885384102816255,0.05530713852494955,0.10005055703222751,23191,2879
49.0,0.06957890414769209,0.055107835028320555,0.0841131391003728,42561,5593,0.061698082326405695,0.04371126275509596,0.08103533256798981,21390,2908
51.0,0.06575997648675384,0.051857090927660464,0.08192705251276493,41412,5379,0.053221594715820886,0.03382735811173916,0.0739324375987053,21511,2782
53.0,0.07464737723170518,0.061961976904422046,0.08889625128358603,35707,5100,0.0599030974721153,0.04149153111502528,0.07850632686167953,18065,2701
55.0,0.08498260828923003,0.06975236795842647,0.0991608377546072,27304,4568,0.06624856560922553,0.047332146763801576,0.08496886771172284,14282,2418
57.0,0.09361792484552262,0.07761122789233924,0.10775203630328178,23100,4065,0.07297278036771405,0.052208606526255606,0.09281275384128093,11688,2139
59.0,0.1033766071529587,0.08746127877384424,0.12003354765474797,23373,3390,0.08527839843500715,0.06260942816734313,0.10593514125794172,12296,1830
61.0,0.09869353098904086,0.07864121347665787,0.11928142309188842,19455,2813,0.08026742074870277,0.053133997693657876,0.10254917591810225,10549,1556
63.0,0.06947755194191835,0.04803784117102623,0.09172005336731673,16295,2587,0.050515271546784875,0.02371466145850718,0.07576920613646505,8601,1459
65.0,0.016296960396979896,-0.005398245539981871,0.0377528884448111,12937,1917,-0.0015796320177467915,-0.02763971434906125,0.024631384806707488,6843,1086
67.0,-0.032816500718727375,-0.052456720173358916,-0.01280320482328535,9544,1518,-0.05278914033662711,-0.07918200138956308,-0.02642014850862325,4995,853
69.0,-0.0746547798685004,-0.09886190686374903,-0.04841426638886333,6964,1051,-0.09323036702361795,-0.12204898074269295,-0.0611626485362649,3476,472
71.0,-0.14612523497260088,-0.17771361544728279,-0.1177899917587638,5423,878,-0.1539186924322086,-0.19566146098077297,-0.11512037608772516,2617,369
73.0,-0.214855956505248,-0.24827829822897912,-0.18166664987802505,2652,642,-0.20974742045688452,-0.25688667967915535,-0.16664890311658384,412,136
75.0,-0.24992915882752853,-0.2832558438181877,-0.2165166176855564,2376,495,-0.2202826441779921,-0.2659480981528759,-0.17215858846902848,193,40
77.0,-0.28987644994853445,-0.3226016275584698,-0.25505524426698684,2171,330,-0.19860912619740878,-0.2747283674776554,-0.12058736495673657,1,1
79.0,-0.3364431649571078,-0.372852785140276,-0.2983248442411423,968,257,-0.18915857878836842,-0.29967796951532366,-0.07756634708493948,0,0
81.0,-0.37015802230416744,-0.42123023271560667,-0.3237354315817356,626,146,-0.20654226437941722,-0.34804904758930205,-0.06437287563458106,0,0
83.0,-0.3906840638483579,-0.44953490123152734,-0.33630297854542734,316,96,-0.26481514643293436,-0.4810023531317711,-0.05722184069454673,0,0
85.0,-0.3854020111150089,-0.4512496620416641,-0.32349429801106455,55,32,-0.8472490906715393,-0.8472490906715393,-0.8472490906715393,0,0
87.0,-0.32560643659218524,-0.4254073090851307,-0.22588848136365414,4,3,nan,nan,nan,0,0
89.0,-0.04558409630092484,-0.39982898384332655,0.24103751517832275,3,3,nan,nan,nan,0,0
