group,level,effect,ci_low,ci_high,n_events,n_images
Overall,All deduplicated data,0.07179462025074898,0.06415053219755044,0.07885978205327733,496246,73706
Incidence angle,Lower (≤52.2°),0.07483794152325843,0.06596878834860248,0.08425447335698644,228445,36491
Incidence angle,Higher (>52.2°),0.06919854507515812,0.058043977208534235,0.07943055432316413,267801,37215
Pixel scale,Finer (≤0.652 m px$^{-1}$),0.06933346861110033,0.05901512538573051,0.07937975360662562,306575,36169
Pixel scale,Coarser (>0.652 m px$^{-1}$),0.07577270632571716,0.06765424122016576,0.08495905212903933,189671,37537
NAC frame,NAC-L,0.06845474267962022,0.05822723617775071,0.07839785492057551,241822,35047
NAC frame,NAC-R,0.07496906870689111,0.06474094742741804,0.08398757125629576,254424,38659
Spatial summing,Non-summed (5064),0.07206088588786468,0.06465472884873967,0.07954416652919526,494714,73365
Spatial summing,2× summed (2532),-0.014187976616123501,-0.12875979623912087,0.10474177537749928,1532,341
Detection confidence,Lower (<0.571),0.0707012517350289,0.06562185042075493,0.07622880287914421,233264,63134
Detection confidence,Higher (≥0.571),0.07276443382525573,0.06411253075444577,0.08261900733817495,262982,41901
Sub-solar azimuth,East (0–180°),0.057821178551679835,0.047348284022006255,0.06880092089451986,247435,37441
Sub-solar azimuth,West (180–360°),0.08569078459560987,0.0760443439120628,0.09535279390283563,248811,36265
